No injection | WT,No injection | Mutant,PBS | WT,PBS | Mutant,Low LPS | WT,Low LPS | Mutant,High LPS | WT,High LPS | Mutant
0.82,0.87,0.90,0.99,0.99,1.16,1.09,1.29
0.88,0.89,0.93,1.02,1.03,1.18,1.12,1.32
0.92,0.90,0.94,1.04,1.04,1.20,1.15,1.33
0.93,0.97,0.96,1.08,1.06,1.24,1.18,1.35
0.97,0.99,0.98,1.09,1.08,1.26,1.20,1.38
0.99,1.00,1.02,1.13,1.09,1.27,1.23,1.41
1.00,1.02,1.03,1.14,1.11,1.28,1.24,1.43
1.03,1.04,1.07,1.18,1.13,1.31,1.26,1.44
1.05,1.07,1.08,1.20,1.16,1.35,1.29,1.46
1.06,1.09,1.10,1.21,1.18,1.38,1.30,1.50
0.86,0.84,0.92,1.00,1.00,1.17,1.14,1.31
0.91,0.88,0.95,1.03,1.02,1.19,1.17,1.34
0.95,0.95,0.99,1.08,1.07,1.25,1.21,1.39
0.98,1.01,1.05,1.16,1.12,1.29,1.27,1.45
,,1.11,1.23,1.20,1.34,1.32,1.52
,,,,1.24,1.37,1.34,1.54
,,,,,,1.36,1.56
